order_id,customer_id,product_id,quantity,amount,status,updated_timestamp
1001,101,501,2,1000,COMPLETED,2026-10-01 10:10:00
1002,102,502,1,500,COMPLETED,2026-10-01 10:20:00
1003,101,503,3,300,CANCELLED,2026-10-01 10:30:00
1004,103,501,1,500,COMPLETED,2026-10-01 11:00:00
1005,104,504,2,800,COMPLETED,2026-10-01 12:00:00
1006,105,502,2,1000,COMPLETED,2026-10-01 13:00:00
1006,105,502,2,1100,COMPLETED,2026-10-01 13:10:00
1007,,505,1,200,COMPLETED,2026-10-01 13:30:00
1008,104,506,1,-100,COMPLETED,2026-10-01 14:00:00
